(230437514, '0020rGM83HELGG', '好不好', '好不好', '黄子韬', '0020rGM83HELGG',1,241,0, '000OQCxI1EjqtJ', '好不好', '', '2019-03-28')
(229023880, '001BItTs2qZe5T', 'The Departure (启程)', 'The Departure (启程)', '郎朗', '001BItTs2qZe5T',1,151,0, '001vp8vZ0dvdEs', 'Piano Book', '', '2019-03-29')
(230560466, '003bLFXV4BAi1s', '无所求必满载而归', '无所求必满载而归', '陈粒', '003bLFXV4BAi1s',0,250,0, '002h2RwW2QQ6gb', '无所求必满载而归', '', '2019-03-27')
(230627929, '000KKjfQ2vKBvy', '为何我每次听见你名字都会远远躲开', '为何我每次听见你名字都会远远躲开', '徐真真', '000KKjfQ2vKBvy',0,171,0, '003ryvy40vCvnM', '为何我每次听见你名字都会远远躲开', '', '2019-03-28')
(230562025, '003Sd7fO0W1R4J', '错的人', '错的人', '封茗囧菌', '003Sd7fO0W1R4J',1,293,0, '001hVcIm3qezPm', '错的人', '', '2019-03-27')
(230620664, '0029ETjY05O8WU', '彼岸花', '彼岸花', '洛天依', '0029ETjY05O8WU',0,287,0, '0017wkAV1t665W', '彼岸花', '', '2019-03-28')
(230421649, '004caBey0PCVgh', 'Bigger', 'Bigger', '蔡徐坤', '004caBey0PCVgh',0,192,0, '003bMiil2MJ9Cv', 'Bigger', '', '2019-03-22')
(230396050, '000pjQCS3BvHFx', '珍珠', '珍珠', '银临', '000pjQCS3BvHFx',0,244,0, '004RRH9y33Hd3r', '珍珠', '', '2019-03-23')
(230435527, '002fZcYT4B6t5a', '何慕卿 (Live)', '何慕卿 (Live)', '徐良', '002fZcYT4B6t5a',1,154,0, '004TzQoK2prvaU', '这！就是原创 第三期', '', '2019-03-23')
(230464968, '002Obmia26bMVZ', '那么喜欢你', '那么喜欢你', '赵奕欢', '002Obmia26bMVZ',1,172,0, '003IcCuA3kLryC', '夜空中最闪亮的星 电视剧原声带 (Part 1) --《夜空中最闪亮的星》电视剧插曲', '《夜空中最闪亮的星》电视剧插曲', '2019-03-25')
(230558523, '001fp68Z15HaR5', '马卡龙', '马卡龙', '朱兴东', '001fp68Z15HaR5',1,257,0, '0006EHiJ41GZYW', '马卡龙', '', '2019-03-28')
(230435747, '000ASq683oTm7C', '思念一个荒废的名字 (Live)', '思念一个荒废的名字 (Live)', '陈楚生', '000ASq683oTm7C',1,286,0, '003IL0Tp1519xH', '歌手第三季 第11期', '', '2019-03-22')
(230433750, '003oy6Kq3WgW61', '东坡', '东坡', '艾辰', '003oy6Kq3WgW61',1,255,0, '004eGnFU2KQKJF', '东坡', '', '2019-03-23')
(230569267, '002W5x4V18bAcU', 'Let the Dolphins Fly', 'Let the Dolphins Fly', '查可欣', '002W5x4V18bAcU',1,252,0, '003KdPTr2NPv5O', 'Let the Dolphins Fly', '', '2019-03-27')
(230433003, '0006Wwt50IMiGr', '别爱太满别睡太晚', '别爱太满别睡太晚', '贺一航', '0006Wwt50IMiGr',0,213,0, '001L9v284VXjpn', '别爱太满别睡太晚', '', '2019-03-28')
(230438755, '00459trW1uU5g7', '重塑 Rebuild (Live)', '重塑 Rebuild (Live)', '何昶希 / 李汶翰 / 姚明明 / 胡春杨 / 李振宁 / 伯远 / 师铭泽', '00459trW1uU5g7',1,205,0, '003I0ex20wibPV', '青春有你 第九期', '', '2019-03-22')
(230435739, '002Gpqa81P8hWL', '大船 (Live)', '大船 (Live)', '声入人心男团', '002Gpqa81P8hWL',1,286,0, '003IL0Tp1519xH', '歌手第三季 第11期', '', '2019-03-22')
(230559415, '003yzuvx0lLK3t', '无上觉', '无上觉', '小魂', '003yzuvx0lLK3t',0,265,0, '002z3FDh2uQmJn', '无上觉（《白蛇：缘起》同人）', '', '2019-03-26')
(230619100, '003O2gpE3S2ek4', '一起筑的梦', '一起筑的梦', '印子月 / 조혜선', '003O2gpE3S2ek4',1,261,0, '001lVK2A2zF17f', '一起筑的梦', '', '2019-03-28')
(230620295, '000CmgcE0gA3Iu', '追梦的疯子', '追梦的疯子', '赵樱子', '000CmgcE0gA3Iu',1,245,0, '001qmrH14T2SOO', '追梦的疯子', '', '2019-03-28')
(230610641, '002T0dla3tbhtd', '视线', '视线', '蒋家驹（蒋蒋）', '002T0dla3tbhtd',0,210,0, '004JgzCc1suKs7', '视线', '', '2019-03-28')
(230438754, '000F67fZ3Fvprs'," ""I'm Sorry (Live)"""," ""I'm Sorry (Live)""", '周士原 / 冯俊杰 / 谷蓝帝 / 姚弛 / 夏瀚宇 / 王加一 / 沈群丰', '000F67fZ3Fvprs',1,240,0, '003I0ex20wibPV', '青春有你 第九期', '', '2019-03-22')
(230623558, '000E3kvS3AtoIQ', '错过了那个爱我的人', '错过了那个爱我的人', '南宫嘉骏', '000E3kvS3AtoIQ',0,253,0, '001GnCzh4NHaxW', '错过了那个爱我的人', '', '2019-03-28')
(230714977, '0024FOR0258pgq', '懵先生', '懵先生', '刘恩佑', '0024FOR0258pgq',1,240,0, '002B1miH4Hpkfe', '懵先生', '', '2019-03-29')
(230442220, '002cX6vb37NsGy', '浪子回头 (Live)', '浪子回头 (Live)', '杨坤', '002cX6vb37NsGy',1,350,0, '003IL0Tp1519xH', '歌手第三季 第11期', '', '2019-03-22')
(229912326, '000cKb230cuG8W', '友谊地久天长', '友谊地久天长', '王源', '000cKb230cuG8W',0,241,0, '0012TeQw1Awwf5', '友谊地久天长 --《地久天长》电影推广曲', '《地久天长》电影推广曲', '2019-03-16')
(230625538, '000OR9Ih132cnJ', '济世歌铭', '济世歌铭', 'NL不分 / 阿睿凌霓剑裳 / zhucool / 濑田水一', '000OR9Ih132cnJ',0,215,0, '002WAbwz2mWUip', '济世歌铭', '', '2019-03-29')
(230198164, '0040sOmq0Szlwp', '女人如书', '女人如书', '张津涤', '0040sOmq0Szlwp',1,250,0, '000kvZtQ4a9RSB', '女人如书', '', '2019-03-28')
(230627645, '004eq6082EnILD', '你最美', '你最美', '曹芙嘉', '004eq6082EnILD',0,306,0, '004Rtpxc2EvLDZ', '你最美', '', '2019-03-29')
(230499702, '002GMkAf1mUcvk', '飞', '飞', '龙梅子', '002GMkAf1mUcvk',0,220,0, '002vdd7i4bov2k', '飞', '', '2019-03-27')
(230627091, '0024ojz34IW9bF', '随时待命', '随时待命', '虎牙妹', '0024ojz34IW9bF',0,207,0, '002FdjSU0zgKuR', '随时待命', '', '2018-10-29')
(230619446, '000DDmwt3z9kjB', '要去就去西双版纳', '要去就去西双版纳', '龚玥', '000DDmwt3z9kjB',0,209,0, '000Sk5aZ1SPVGX', '要去就去西双版纳', '', '2019-03-29')
(230151376, '003qKfFQ2eJnK4', '远山剑鸣', '远山剑鸣', '叶炫清', '003qKfFQ2eJnK4',1,257,0, '001yK59e03vJw8', '远山剑鸣', '', '2019-03-19')
(230557484, '002zrgMx0OmAz2', '若先告辞', '若先告辞', '带泪的鱼 / 苏晨', '002zrgMx0OmAz2',0,228,0, '002Fb8Av1tn5rr', '若先告辞', '', '2019-03-29')
(230624338, '002lce8e2hTttK', '渣男', '渣男', '胡之琦', '002lce8e2hTttK',0,200,0, '001PKOUT2KpbDn', '渣男', '', '2019-03-29')
(230713774, '002ip0Zd4Awkyb', '格林', '格林', '弦外之音', '002ip0Zd4Awkyb',0,188,0, '001EPq4g0SpAh4', '格林', '', '2019-03-29')
(230714083, '001KFkFR2YgAcS', '念', '念', '万能和弦', '001KFkFR2YgAcS',0,214,0, '003ocRzv1S5Myc', '念', '', '2019-03-29')
(230714213, '003Snr4y0t710t', '交心酒', '交心酒', '赵鑫', '003Snr4y0t710t',0,242,0, '001OYtV12zytGI', '交心酒', '', '2019-03-29')
(229919327, '003NGR0k458dD5', '龙文', '龙文', '董文华 / 朱一龙', '004TnVV82TONdL',1,287,0, '002WADis3j4vGf', '龙文', '', '2019-03-18')
(230395509, '0038yBVP0ukUKP', '今天也想见到你', '今天也想见到你', '焦迈奇', '0038yBVP0ukUKP',0,240,0, '004TrPXM2lmgzW', '今天也想见到你', '', '2019-03-25')
(229918641, '000SywgU18lhI0', '过错 (Live)', '过错 (Live)', '闫泽欢', '000SywgU18lhI0',1,165,0, '003Np6Y74ctROu', '这！就是原创 第二期', '', '2019-03-16')
(229691715, '003edIi50gr8Ns', '千年等一回', '千年等一回', '鞠婧祎', '003edIi50gr8Ns',0,252,0, '003zbFss2Tk81l', '千年等一回 --《新白娘子传奇》电视剧主题曲', '《新白娘子传奇》电视剧主题曲', '2019-03-14')
(229605105, '003a1NGk2rJFYb', '亲爱的', '亲爱的', '郑云龙', '003xqJbe3HYKxX',1,215,0, '000rKCR04BJI3T', '亲爱的 --《小飞象》电影中文版主题曲', '《小飞象》电影中文版主题曲', '2019-03-12')
(230104812, '000omOka2JFWLU', '蜀道难 (Live)', '蜀道难 (Live)', '张杰', '000omOka2JFWLU',1,223,0, '001qTJpm2P6UQ5', '经典咏流传第二季 第四期', '', '2019-03-16')
(229919384, '002ogMAd2lR6sT', '小河淌水 (Live)', '小河淌水 (Live)', '龚琳娜', '002ogMAd2lR6sT',1,246,0, '0032JZTC1wievi', '歌手第三季 第10期', '', '2019-03-15')
(230559439, '000F1Ge317gcgD', '兄弟兄弟', '兄弟兄弟', '虎二', '000F1Ge317gcgD',0,230,0, '001PU1xp3rxPuL', '兄弟兄弟', '', '2019-03-27')
(230154448, '003izpqf19Dwps', '辞九门回忆', '辞九门回忆', '等什么君', '000Xd3Es0619b5',0,240,0, '001Jegbz00ePg5', '辞九门回忆', '', '2019-03-19')
(230302034, '002bjGaa42j1wx', '有可能的夜晚', '有可能的夜晚', '莫籽', '002bjGaa42j1wx',0,270,0, '000Lfutw3kfk2m', '有可能的夜晚', '', '2019-03-21')
(230435256, '0015Wpkj0NUFSA', 'Playing With Fire', 'Playing With Fire', '周锐', '0015Wpkj0NUFSA',0,241,0, '001OWkqp1hgASr', 'Playing With Fire', '', '2019-03-23')
(229668141, '000ASjjM2JPFMd', '羞答答的玫瑰静悄悄地开', '羞答答的玫瑰静悄悄地开', '钱正昊', '000ASjjM2JPFMd',0,186,0, '002D41O31bSeZA', '羞答答的玫瑰静悄悄地开', '', '2019-03-14')
(230279485, '00221Zpe3xMfIx', '满庭芳', '满庭芳', 'Mr.mo', '00221Zpe3xMfIx',0,235,0, '001p6Vbq3dAaE9', '狐妖小红娘·竹业篇 动画原声大碟 前缘 --《狐妖小红娘·竹业篇》动画片头曲', '《狐妖小红娘·竹业篇》动画片头曲', '2019-03-21')
(230464967, '0012KbxH0AFzLq', 'Need You', 'Need You', '蒋瑶佳', '0012KbxH0AFzLq',1,229,0, '003IcCuA3kLryC', '夜空中最闪亮的星 电视剧原声带 (Part 1) --《夜空中最闪亮的星》电视剧插曲', '《夜空中最闪亮的星》电视剧插曲', '2019-03-25')
(229275566, '001AEEVO35ER8L', '鞋儿破 帽儿破 (Live)', '鞋儿破 帽儿破 (Live)', '华晨宇', '001AEEVO35ER8L',1,171,0, '00094MMh3CyNm8', '王牌对王牌第四季 第5期', '', '2019-03-01')
(230465012, '003ibl0V2L3TTb', '爱情啊', '爱情啊', '张玮', '003ibl0V2L3TTb',1,200,0, '003IcCuA3kLryC', '夜空中最闪亮的星 电视剧原声带 (Part 1) --《夜空中最闪亮的星》电视剧插曲', '《夜空中最闪亮的星》电视剧插曲', '2019-03-25')
(230109423, '001AfCVU47Hqlo', '胭脂录', '胭脂录', '萧忆情 / 汐音社', '001AfCVU47Hqlo',0,243,0, '000aKjXx0bqZEn', '胭脂录', '', '2019-03-17')
(230279482, '003ni5F60jPB0P', '寄', '寄', 'JMJ', '003ni5F60jPB0P',0,195,0, '001p6Vbq3dAaE9', '狐妖小红娘·竹业篇 动画原声大碟 前缘 --《狐妖小红娘·竹业篇》动画片尾曲', '《狐妖小红娘·竹业篇》动画片尾曲', '2019-03-21')
(230436069, '0001qUVG1rjvu1', '大风歌 (Live)', '大风歌 (Live)', '孙楠', '0001qUVG1rjvu1',0,304,0, '003ZakQF3dFR7v', '经典咏流传第二季 第五期', '', '2019-03-23')
(230436791, '001y0Ysn3QwbRT', '胆小鬼', '胆小鬼', '颜人中', '001y0Ysn3QwbRT',0,196,0, '002r6Tpk3ccj2y', '胆小鬼', '', '2019-03-26')
(229766236, '003eNbXH1SGHOo', '赤子心', '赤子心', '李琦', '003eNbXH1SGHOo',0,238,0, '003GeKUb3y6ras', '倚天屠龙记 电视剧影视原声大碟 --《倚天屠龙记》电视剧插曲', '《倚天屠龙记》电视剧插曲', '2019-03-15')
(230258527, '001mELAU4Ky5SI', '苏玛', '苏玛', '金志文', '001mELAU4Ky5SI',1,251,0, '003trVi32VkctD', '苏玛 --《让我听懂你的语言》电视剧插曲', '《让我听懂你的语言》电视剧插曲', '2019-03-22')
(230276988, '002ti3re11Nfbe', '那一年', '那一年', '阿拂', '002ti3re11Nfbe',1,290,0, '0021vNOu0FT8Sc', '那一年', '', '2019-03-21')
(230436066, '001634O30CG4Bb', '九万里风鹏正举 (Live)', '九万里风鹏正举 (Live)', '吉克隽逸', '001634O30CG4Bb',0,257,0, '003ZakQF3dFR7v', '经典咏流传第二季 第五期', '', '2019-03-23')
(230435563, '004Knk4d1QkFpi', '女书 (Live)', '女书 (Live)', '邓见超', '004Knk4d1QkFpi',1,225,0, '004TzQoK2prvaU', '这！就是原创 第三期', '', '2019-03-23')
(230217505, '001Pkgcd3kpu9W', '赶考', '赶考', '妖蝠 / 汐音社', '001Pkgcd3kpu9W',0,196,0, '000p9gJf1m0wKf', '赶考', '', '2019-03-20')
(230568661, '000l0PQ31DjyL1', '我的眼角流着想你的泪', '我的眼角流着想你的泪', '星月组合', '000l0PQ31DjyL1',0,276,0, '00490lPi0IliVq', '我的眼角流着想你的泪', '', '2019-03-27')
(214230214, '002RZd8A4W3djY', '胜利之光', '胜利之光', '牛奶咖啡', '002RZd8A4W3djY',1,223,0, '004Vzx8f0gTByr', '勇敢的人会拥有翅膀', '', '2019-03-13')
(229529610, '002vQI4D0yUSgD', '冷/热 (Live)', '冷/热 (Live)', 'Round_2', '002vQI4D0yUSgD',1,155,0, '001gyqtd01QsVj', '这！就是原创 第一期', '', '2019-03-09')
(230104814, '004aHxDB2Uj3HF', '终身误 (Live)', '终身误 (Live)', '霍尊', '004aHxDB2Uj3HF',1,231,0, '001qTJpm2P6UQ5', '经典咏流传第二季 第四期', '', '2019-03-16')
(229701717, '001jLlKf2SXXTF', '加冕为王', '加冕为王', '排骨教主', '003StOPK0LWboy',1,204,0, '000LiHfk4Zun3S', '加冕为王', '', '2019-03-12')
(229895950, '001VVFi24dibbN', '醉仙美 (正式男版)', '醉仙美 (正式男版)', '李秉成', '001VVFi24dibbN',0,198,0, '001eATs63QHJS4', '醉仙美（正式男版）', '', '2019-03-15')
(230568799, '004O1Mzc2VahzH', '啰嗦', '啰嗦', '刘增瞳', '004O1Mzc2VahzH',0,199,0, '000oPkbO4Miz8c', '啰嗦', '', '2019-03-27')
(230544400, '004NTEZ70W953M', '罗志祥', '罗志祥', '罗志祥', '004NTEZ70W953M',1,278,0, '003ZTSn32YTO6c', '罗志祥', '', '2019-03-26')
(215437680, '004fmDTa4Bhrgg', '光', '光', '卢凯彤', '000ENnd71n2U1K',1,262,0, '0047WI4L1aX6oF', '光', '', '2019-03-27')
(229586249, '001dojeu3e4jwT', 'Late Night', 'Late Night', 'Luji黄莉', '001dojeu3e4jwT',0,223,0, '004I9xEg3GluBz', 'Late Night', '', '2019-03-29')
(230195965, '001fdN042UITZu', '懒懒散散地待在家', '懒懒散散地待在家', '吴蓓雅 / LINION', '001fdN042UITZu',0,232,0, '001OpBL60VOIGy', '懒懒散散地待在家 (feat. LINION)', '', '2019-03-29')
(230395488, '004Vi7m74RFxjE', '把到你', '把到你', '张家玮', '004Vi7m74RFxjE',0,146,0, '000U5adD2MAtxL', '把到你', '', '2019-03-28')
(230568210, '0016SOYg1aLAT3', '独一无二的你', '独一无二的你', '阳恭喜', '0016SOYg1aLAT3',0,246,0, '0010vaUL4Nk1BI', '独一无二的你', '', '2019-03-28')
(4985629, '0037Yt4f3RIcA4', 'Evolution Era', 'Evolution Era', 'V.K克', '001Pjxu31Xri6p',0,282,0, '000u66eZ1awzhG', '第三乐章', '', '2019-03-27')
(224845142, '003iUwaE16ECBX', '有一种悲伤', '有一种悲伤', 'A-Lin', '003iUwaE16ECBX',1,237,0, '000fRPth1q9r7z', '比悲伤更悲伤的故事 电影原声带 --《比悲伤更悲伤的故事》电影主题曲', '《比悲伤更悲伤的故事》电影主题曲', '2018-12-11')
(226151109, '0049UE6M3Zaa3l', '墨绿的夜', '墨绿的夜', '田馥甄', '0049UE6M3Zaa3l',1,237,0, '0038I1zj2xxlxw', '墨绿的夜 --《地球最后的夜晚》电影推广曲', '《地球最后的夜晚》电影推广曲', '2018-12-28')
(217127072, '000aPc303q2bfw', '友情岁月', '友情岁月', '郑伊健 / 陈小春 / 谢天华 / 钱嘉乐 / 林晓峰', '000aPc303q2bfw',0,224,0, '000cYJSJ0SrL5z', '友情岁月 --《黄金兄弟》电影插曲', '《黄金兄弟》电影插曲', '2018-09-12')
(222519500, '002uelTH4MqU37', '起风了', '起风了', '郭美美', '002uelTH4MqU37',0,160,0, '0018UGgM3mwomR', '起风了', '', '2018-11-27')
(229667848, '003cDBMW1ga7aQ', '其实寂寞', '其实寂寞', '谢安琪', '003cDBMW1ga7aQ',0,261,0, '004BYgPS3fMtvB', '其实寂寞', '', '2019-03-18')
(217473651, '003NB9tt12a70d', '如河', '如河', '张韶涵', '003NB9tt12a70d',0,230,0, '004ZqRQp2kg9yM', '如河 --《悲伤逆流成河》电影主题曲', '《悲伤逆流成河》电影主题曲', '2018-09-22')
(225903007, '004eTWc92uVm7f', '进阶', '进阶', '林俊杰', '003HwanP4QM2hG',1,218,0, '000cc1cw4Gysl3', '进阶', '', '2018-12-27')
(228756304, '0026GUpa3rzszd', 'MK Circus ((Explicit))', 'MK Circus ((Explicit))', 'Dough-Boy / Jackson Wang', '0026GUpa3rzszd',1,200,0, '002Uhoz62lguWN', 'MK Circus', '', '2019-01-25')
(226509679, '0002vXvF0SLHWh', '转眼（2018 自传最终章）', '转眼（2018 自传最终章）', '五月天', '0002vXvF0SLHWh',1,360,0, '000ceWgY3iJIeG', '转眼（2018 自传最终章）', '', '2018-12-31')
(216825594, '00071O6t05HqWR', '浪流连', '浪流连', '茄子蛋', '00071O6t05HqWR',0,253,0, '002PbCzR2EZhGx', '浪流连', '', '2018-09-17')
(229667683, '003E7snn2vrWqj', '寂寞就如', '寂寞就如', '麦浚龙', '003E7snn2vrWqj',0,247,0, '002yYUb22MmYPE', '寂寞就如', '', '2019-03-18')
(224116257, '001hrIGe3flaPr', '玫瑰少年', '玫瑰少年', '蔡依林', '101hrIGe3flaPr',1,191,0, '004KHjpn0p4Az7', 'UGLY BEAUTY', '', '2018-12-26')
(229592617, '003TS85h0YSB5z', 'YOU', 'YOU', '张敬轩', '003TS85h0YSB5z',1,206,0, '004UQFAr2o7Bjx', 'YOU', '', '2019-03-13')
(215831335, '001VsLU14D36uw', '认真如初', '认真如初', '陈柏宇', '002aOxBb0iuRwo',1,255,0, '001IWBz32R0RzI', '认真如初', '', '2018-08-20')
(229667850, '000By7Jv3rb739', '你要的爱 (心动版)', '你要的爱 (心动版)', '戴佩妮', '000By7Jv3rb739',1,235,0, '002s9cGx3fdkft', '你要的爱（心动版）', '', '2019-03-14')
(214350724, '00284g2I1HCEWF', 'K歌之王', 'K歌之王', '许靖韵', '00284g2I1HCEWF',1,248,0, '002zMfgM0M6lse', 'K歌之王', '', '2018-07-10')
(216764576, '003zcr2R3qSZib', '再见Hip-Hop', '再见Hip-Hop', '张震岳 / MC HotDog / 功夫胖 / 派克特', '003zcr2R3qSZib',0,240,0, '001MSx9r4CwUkh', '再见Hip-Hop', '', '2018-09-07')
(215034732, '000P5BUK4HpaLo', '双影', '双影', '张惠妹 / 林忆莲', '000P5BUK4HpaLo',1,276,0, '000XSuY003v3hH', '双影 --《如懿传》电视剧主题曲', '《如懿传》电视剧主题曲', '2018-08-20')
(214712104, '004UpRaT1lG8Oq', '背后女人', '背后女人', '杨千嬅 / 周柏豪', '004UpRaT1lG8Oq',1,260,0, '0024pWxi2aPy1q', '背后女人', '', '2018-07-18')
(222996194, '000weUhV0KtP5a', '第二次心碎', '第二次心碎', 'Erika', '000weUhV0KtP5a',1,259,0, '002x9YSD19Isn0', '天鹅说', '', '2018-11-29')
(224845143, '003seK3v0E1xcn', 'Kitty Bomb', 'Kitty Bomb', '吴映洁', '003seK3v0E1xcn',1,189,0, '000fRPth1q9r7z', '比悲伤更悲伤的故事 电影原声带', '', '2018-12-11')
(220411952, '003EmZEN3G2xXd', '每一次想你', '每一次想你', '蔡佩轩', '003EmZEN3G2xXd',0,264,0, '001kTRKz1VqdTV', '每一次想你', '', '2018-11-27')
(230161594, '001RvXDl3L5GlR', '等等啊我的青春', '等等啊我的青春', '品冠', '001RvXDl3L5GlR',0,223,0, '001O1zjx2UAfkJ', '等等啊我的青春 网剧同名片尾曲 --《等等啊我的青春》网剧片尾曲', '《等等啊我的青春》网剧片尾曲', '2019-03-19')
(225556282, '003ppgkd1h2oGU', '沙文', '沙文', '林忆莲', '003ppgkd1h2oGU',1,207,0, '000MPe4T3iM5bb', '0', '', '2018-12-21')
(215781908, '0027pOmj0MRcSs', 'Creo En Mi', 'Creo En Mi', '郑秀文 / 王嘉尔', '0027pOmj0MRcSs',1,243,0, '000oagyG1gj3gK', 'Believe In Mi', '', '2018-08-17')
(203510322, '001rjFzo29dkVt', 'HipHopMan', 'HipHopMan', '欧阳靖', '001R6RXT1FGcKd',0,230,0, '000QUaMT41H4Yl', 'HipHopMan', '', '2018-09-12')
(214270034, '0024ywoS0NmVU9', '弱水', '弱水', '任贤齐', '0024ywoS0NmVU9',1,210,0, '002SzK0h4E0wYe', '弱水 --《天乩之白蛇传说》电视剧主题曲', '《天乩之白蛇传说》电视剧主题曲', '2018-07-04')
(217250399, '003phoB23LkWi5', '不忧伤的爱', '不忧伤的爱', '钟汉良', '003izO6s3HhV0U',0,279,0, '002H2MEY0nUHR0', '不忧伤的爱 --《凉生，我们可不可以不忧伤》电视剧片头曲', '《凉生，我们可不可以不忧伤》电视剧片头曲', '2018-09-17')
(218619519, '0025EdO61GSj3x', '星光', '星光', '王力宏', '0025EdO61GSj3x',1,260,0, '000zQSi93tJtgY', '星光 --“脱贫攻坚战 星光行动”主题曲', '“脱贫攻坚战 星光行动”主题曲', '2018-11-14')
(225913865, '000fPahb2tP43u', '假行僧', '假行僧', '方大同', '000fPahb2tP43u',0,228,0, '000KJgjl3koFbu', '假行僧', '', '2018-12-25')
(216438867, '0039p1vq2VzMJf', '偏偏喜欢你', '偏偏喜欢你', '陈慧娴', '0035B7sT4Kwfa8',1,246,0, '002HRh7g0OsTtj', '环球高歌陈百强', '', '2018-08-31')
(228692961, '001GK50l2SwbVP', '13楼的大笨象', '13楼的大笨象', '郑融', '000b4JzD3KG4je',1,293,0, '002qz9240ImgjD', '13楼的大笨象', '', '2019-02-15')
(216005410, '00493VQc0dNYFO', '暗里着迷', '暗里着迷', '陈家乐', '003YqOfv2UeLNp',1,236,0, '000syylN2hvRa5', '暗里着迷', '', '2018-08-24')
(216418105, '003HWgtY30GHjI', '你不是我的', '你不是我的', '陈势安', '003HWgtY30GHjI',1,290,0, '004VQGGs3y3XPq', '坏掉的我们', '', '2018-08-31')
(230216821, '004OS1CM1vpz0A', '小小歌', '小小歌', '陈奂仁', '004OS1CM1vpz0A',1,133,0, '001qbvmT1q3KKZ', '小小歌', '', '2019-03-20')
(221828818, '001miNgH3s4QL0', '太难开始', '太难开始', '胡鸿钧', '001miNgH3s4QL0',1,270,0, '000la9PN1zWh05', '太难开始 --《救妻同学会》电视剧片尾曲', '《救妻同学会》电视剧片尾曲', '2018-11-25')
(218013364, '000kpM7a4acYuc', '我不该躲', '我不该躲', '阿杜', '000kpM7a4acYuc',1,282,0, '001Ecudg156FRj', '我不该躲', '', '2018-10-29')
(224995069, '001Lixy80u1TAu', '标注爱', '标注爱', '温岚', '001Lixy80u1TAu',1,260,0, '000OojY03Zmb2N', '标注爱', '', '2018-12-18')
(215848735, '000KFq5j1QURJs', '停半分钟听一阕歌', '停半分钟听一阕歌', '许廷铿', '000KFq5j1QURJs',1,258,0, '002H9UtG118HM5', '停半分钟听一阕歌', '', '2018-08-20')
(230377045, '001gaewH2oYCkd', '下一步', '下一步', '张天 / 满舒克', '001gaewH2oYCkd',1,239,0, '001Psdfe1YKdVE', '冬日异想', '', '2019-03-22')
(218105371, '001RMDx11wwld6', '何必记念', '何必记念', '庄鹃瑛', '001RMDx11wwld6',1,267,0, '001J1YPG4MTLzv', '巴斯特耳朵', '', '2018-10-12')
(228633551, '001nLDnq448zNP', 'Ride Along', 'Ride Along', '黎晓阳', '001nLDnq448zNP',1,226,0, '003HkKeD3bNuGE', 'Ride Along', '', '2019-02-11')
(229959209, '001K6JXM15uxPK', '江湖决', '江湖决', '信乐团', '001K6JXM15uxPK',0,257,0, '002212hM4R5UA1', '江湖决 --《七剑下天山之封神骨》电影主题曲', '《七剑下天山之封神骨》电影主题曲', '2019-03-18')
(228088735, '002s2irR2abUYa', '当我迷失时听着的歌', '当我迷失时听着的歌', '陈蕾', '003cTItl4gYNZm',1,261,0, '0035QY3d1w6L2M', '当我迷失时听着的歌', '', '2019-01-29')
(217263303, '003ue2S72TcifR', '38度6', '38度6', '水鬼', '003ue2S72TcifR',0,199,0, '0019cB4x3lU3Hf', '38度6', '', '2018-11-05')
(214026914, '002WXAro1IBe7b', '花见小路', '花见小路', '陈慧琳', '003m3dnt06MoM1',1,234,0, '002kCHEy23Dmd6', 'Watch Me', '', '2018-07-20')
(223223042, '0015SSLC01nHnM', '蜜运', '蜜运', '张卫健', '0015SSLC01nHnM',1,265,0, '004X4W4t3qqTWL', '蜜运 --《大帅哥》电视剧片尾曲', '《大帅哥》电视剧片尾曲', '2018-12-03')
(218622910, '003xLhNh1QTMYW', 'My Love', 'My Love', '刘德华', '001PdRhm1TV0s8',0,221,0, '003rJkLZ1HIpiV', 'My Love', '', '2018-11-05')
(229592243, '003Y8WAb1Xiuw3', '明日花', '明日花', '泳儿', '003Y8WAb1Xiuw3',1,292,0, '001oqfD407C4lT', '明日花', '', '2019-03-15')
(229034375, '000sR6HB0bUgNy', '和怀念讲再见', '和怀念讲再见', '吴业坤', '001z3LyU3ATdm3',1,267,0, '002gBryX1lS7et', '和怀念讲再见', '', '2019-03-04')
(218081053, '002RNty81B22aZ', 'Let Us Be The One', 'Let Us Be The One', 'Jan Curious', '002RNty81B22aZ',1,206,0, '000ybYVc1XOh91', '无双 电影原声大碟 --《无双》电影插曲', '《无双》电影插曲', '2018-10-12')
(217257100, '001tIhQh0Xg8Xl', '傀', '傀', 'Ella陈嘉桦', '004YFAcF4bmyL9',1,241,0, '003fptoO1qNf7h', '傀 --《影》电影主题曲', '《影》电影主题曲', '2018-09-17')
(230679137, '0046FuVs0Ppw8V', 'Kills You Slowly (Explicit)', 'Kills You Slowly (Explicit)', 'The Chainsmokers', '0046FuVs0Ppw8V',1,213,0, '0025b2VJ0MnZ53', 'World War Joy...Kills You Slowly (Explicit)', '', '2019-03-29')
(230710526, '000gQjt73O7YlO', 'Hustle (Explicit)', 'Hustle (Explicit)', 'P!NK', '000gQjt73O7YlO',1,175,0, '003ZvsLB3TNBz1', 'Hustle (Explicit)', '', '2019-03-30')
(230679139, '003ZR1Lj1ZjQA0', 'Walk Away', 'Walk Away', 'Alle Farben / James Blunt', '003ZR1Lj1ZjQA0',1,196,0, '002kNzle4DeDrJ', 'Walk Away', '', '2019-03-29')
(230623154, '000Hx1zm2lUw5y', 'Look Back At It', 'Look Back At It', 'A Boogie Wit Da Hoodie / PARK WOO JIN', '000Hx1zm2lUw5y',1,184,0, '000SWJfS2gzm2h', 'Look Back At It (feat. PARK WOO JIN) [Explicit]', '', '2019-03-29')
(230551642, '003Pp7R60jY5Hr', 'Broken & Beautiful (from the movie UGLYDOLLS)', 'Broken & Beautiful (from the movie UGLYDOLLS)', 'Kelly Clarkson', '003Pp7R60jY5Hr',1,218,0, '004SVfTx06GZws', 'Broken & Beautiful (from the movie UGLYDOLLS)', '', '2019-03-27')
(230576511, '000TA5SM3G0Tcv', 'Crying Over You ◐ (feat. RM & Bibi Zhou)', 'Crying Over You ◐ (feat. RM & Bibi Zhou)', 'Honne / RM / 周笔畅', '003qfRs81QKTfw',1,245,0, '002rMalV1UuLis', 'Crying Over You ◐ (feat. RM & Bibi Zhou)', '', '2019-03-27')
(230688265, '001hFvqc1v2iyF', 'West Coast (Explicit)', 'West Coast (Explicit)', 'ALLBLACK / G-Eazy / YG / Blueface', '001hFvqc1v2iyF',1,256,0, '0004Qn7w1M3KHt', 'West Coast (Explicit)', '', '2019-03-30')
(230618282, '001DlncC0bhotJ', 'Last Hurrah (Acoustic)', 'Last Hurrah (Acoustic)', 'Bebe Rexha', '001DlncC0bhotJ',1,146,0, '000y0AD20GRI7q', 'Last Hurrah (Acoustic)', '', '2019-03-28')
(230681134, '003NOjPJ0WBc5R', 'Self', 'Self', 'Khalid', '003NOjPJ0WBc5R',1,229,0, '003knXNw2G6xM2', 'Self', '', '2019-03-30')
(230624379, '002jnhr00yqRMK'," ""Don't Worry Bout Me"""," ""Don't Worry Bout Me""", 'Zara Larsson', '002jnhr00yqRMK',1,208,0, '002gTdAh0M9ZoQ'," ""Don't Worry Bout Me""", '', '2019-03-29')
(230366537, '0016beD32EoFB2', 'Hold You Tight', 'Hold You Tight', 'Diplo / Luca Pretolesi', '0016beD32EoFB2',0,319,0, '003uP7Nx3ktr6j', 'Hold You Tight', '', '2019-03-27')
(230623836, '002rwAVr0b7TYc', 'Surya', 'Surya', '22 Bullets / RMCM', '002rwAVr0b7TYc',1,170,0, '000K73XH1eizV0', 'Surya (feat. rmcm)', '', '2019-03-29')
(230623827, '000hWVGf3kTfLC', 'One Day', 'One Day', 'Sam Feldt / ROZES', '000hWVGf3kTfLC',1,147,0, '000v9A6s1ecZQ4', 'One Day (feat. ROZES)', '', '2019-03-29')
(230699183, '003wE9NG0q9h8v', 'Blood', 'Blood', 'Kelsey Lu', '003wE9NG0q9h8v',1,205,0, '0034KWI10GbIt5', 'Blood', '', '2019-03-29')
(230624380, '003CpVMX1Z8oh5', 'moneydontfixlonely', 'moneydontfixlonely', 'Sophia Messa', '003CpVMX1Z8oh5',1,206,0, '001DvvjP17yBMT', 'moneydontfixlonely', '', '2019-03-29')
(230555515, '000kRbWY1u5cvq', 'Bohemian Trapsody (Explicit)', 'Bohemian Trapsody (Explicit)', 'Logic', '000kRbWY1u5cvq',1,404,0, '0037huJd3vXiSn', 'Supermarket (Soundtrack) [Explicit]', '', '2019-03-26')
(230422675, '003Y2cLb3zAsWU', '365 (Jonas Aden Remix)', '365 (Jonas Aden Remix)', 'Zedd / Katy Perry', '001EoQmb4K5Vw4',1,165,0, '000EndIT3DA1UD', '365 (Remixes)', '', '2019-03-22')
(230417111, '0006Di0s1jy7VH', 'Sunshine', 'Sunshine', 'Secret Garden / 刘卓昕', '0006Di0s1jy7VH',1,261,0, '000tqXWw2jyFDI', 'Sunshine', '', '2019-03-22')
(230431878, '003mzPRe0EINuL', 'Price On My Head (Explicit)', 'Price On My Head (Explicit)', 'The Weeknd / Nav', '003mzPRe0EINuL',1,217,0, '001KDva827sKdx', 'Bad Habits (Explicit)', '', '2019-03-22')
(230544341, '0039l3FD0rvn9I', 'Lights On', 'Lights On', 'Izzy Bizu', '0039l3FD0rvn9I',1,198,0, '001BMAXe1edSUn', 'Lights On', '', '2019-03-27')
(230447997, '002E6JE43pXnMq', 'Au DD (Explicit)', 'Au DD (Explicit)', 'PNL', '004Izann1Fj2Cc',1,247,0, '002qZ3lf2DSgnt', 'Au DD', '', '2019-03-22')
(230540699, '002bWYzl33r0Ae', 'Dammi Corda (Explicit)', 'Dammi Corda (Explicit)', 'Leslie', '002bWYzl33r0Ae',1,195,0, '001GTLkO3ziVG7', 'Dammi Corda (Explicit)', '', '2019-03-25')
(230496137, '002dHSSZ2iVDKP', 'Jamie All Over', 'Jamie All Over', 'Mayday Parade', '002dHSSZ2iVDKP',1,216,0, '0020KDdg0VZgim', 'Jamie All Over', '', '2019-03-25')
(230428846, '001GUnV141dMgS', 'Headcase (Explicit)', 'Headcase (Explicit)', 'Kailee Morgue / Hayley Kiyoko', '003CPrg20p3wkB',1,193,0, '000vQTh30Lujlm', 'Headcase', '', '2019-03-22')
(230376785, '001OZW3o3ALikW', 'Can You Feel It (纯音乐)', 'Can You Feel It (纯音乐)', 'Tiësto / John Christian', '001OZW3o3ALikW',1,199,0, '004HLj0d4VTTgm', 'Can You Feel It', '', '2019-03-22')
(230422665, '001xzaUl107qlQ', 'SouthSide', 'SouthSide', 'DJ Snake / Eptic', '001xzaUl107qlQ',1,252,0, '001Mf3WB0LBPVt', 'SouthSide', '', '2019-03-22')
(230515266, '000A29KH0lIKOr', 'The Elite', 'The Elite', 'Coone / Da Tweekaz / Hard Driver', '000A29KH0lIKOr',0,263,0, '003CEo9E0stS39', 'The Elite', '', '2019-03-28')
(228771049, '003auk9D4NC3Kk', 'Dense Forest of Harz Mountains', 'Dense Forest of Harz Mountains', 'Koan / Fatum Sci-Fi', '003auk9D4NC3Kk',0,179,0, '002nhOZB0zbzhB', 'Briar Rose Side B', '', '2019-03-28')
(229507062, '001qQy701WEAd6', 'Gangehi', 'Gangehi', 'Roman Müller', '001qQy701WEAd6',0,184,0, '000YcbtU0hwufD', 'Gangehi', '', '2019-03-28')
(229722406, '002OXqyv38ygoH', 'Dr. Funk ((Joe Brunning Remix))', 'Dr. Funk ((Joe Brunning Remix))', 'Carl Cox', '002OXqyv38ygoH',0,462,0, '000XzGxT2BWRSI', 'Dr. Funk (The Bush Remixes)', '', '2019-03-28')
(230443366, '0038Mi5w20pFv2', 'Adios(Pluto Tapes) (Explicit)', 'Adios(Pluto Tapes) (Explicit)', 'Unlike Pluto', '0038Mi5w20pFv2',0,247,0, '002wAZwj4ZNTqz', 'Adios (Pluto Tapes)', '', '2019-03-27')
(230690046, '000KyJCJ0dE5jm', 'Outta Here ((Explicit))', 'Outta Here ((Explicit))', 'Lil Wayne', '000KyJCJ0dE5jm',0,53,0, '000K0NaA3pAJ89', 'Rap V Reggae - The Greatest Musical Show Down in Town', '', '2019-03-27')
(230690042, '001TXCsL1bk2Fm', 'Emotional ((Explicit))', 'Emotional ((Explicit))', '50 Cent', '001TXCsL1bk2Fm',0,230,0, '000K0NaA3pAJ89', 'Rap V Reggae - The Greatest Musical Show Down in Town', '', '2019-03-27')
(230667303, '000UK8ON4A5r18', 'The Jack (Live)', 'The Jack (Live)', 'AC/DC', '000UK8ON4A5r18',0,324,0, '0018NZO43PyUf6', 'Kicked In The Teeth(Live)', '', '2019-03-27')
(230667251, '0013NmiB3IWs16'," ""Train Kept A Rollin' (Live)"""," ""Train Kept A Rollin' (Live)""", 'Aerosmith', '0013NmiB3IWs16',0,265,0, '003JFVES17Hhi1', 'Aerosmith Rats Cellar(Live)', '', '2019-03-27')
(230348671, '000E5Gx80fhhOS', '5 Estrellas ((Explicit))', '5 Estrellas ((Explicit))', 'CMA / Shy Kolbe / ROVAZZZ', '000E5Gx80fhhOS',0,144,0, '0031n2Jg08326q', '5 Estrellas', '', '2019-03-27')
(230616589, '001RDxDk17WwCS', 'Watch Me (Remix|Clean)', 'Watch Me (Remix|Clean)', 'Jaden Smith', '001RDxDk17WwCS',1,167,0, '000ZsrgL3jzK3p', 'Watch Me (Remix) [Clean]', '', '2019-03-27')
(230174549, '001IVL3Q3mVWSb', 'Pump', 'Pump', 'Kent / Harleatz', '001IVL3Q3mVWSb',0,147,0, '003OgGbe4HDi30', 'Pump', '', '2019-03-27')
(230617323, '000cWL1n0rsBmg'," 'This Is Our Planet (From ""Our Planet"")'"," 'This Is Our Planet (From ""Our Planet"")'", 'Steven Price', '000cWL1n0rsBmg',1,224,0, '000sN1Wv1qaziv'," 'This Is Our Planet (From ""Our Planet"")'", '', '2019-03-27')
(4960218, '000DtibT1zPYmj', 'Shake', 'Shake', 'Victoria Justice', '002zc7wN1wAgLT',1,214,0, '00106dvD09gB06', 'Gold', '', '2019-03-27')
(230479018, '002dnAIq3wRtOc', '(Love Is) the Tender Trap', '(Love Is) the Tender Trap', 'Oscar Peterson', '0012yfmU056gEr',0,164,0, '001l2gdX1gQOoY', 'Enjoy Great Jazz - Vol.3', '', '2019-03-27')
(230667233, '003jTikz2dsZHL', 'Department of Youth (Live)', 'Department of Youth (Live)', 'Alice Cooper', '003jTikz2dsZHL',0,438,0, '000e76k902qiMu', 'Billion Doller Babies(Live)', '', '2019-03-27')
(229323348, '001g5iDD1ppvEY', 'Spacewonk', 'Spacewonk', 'Chime', '001g5iDD1ppvEY',0,190,0, '002RPSaG3wQP7F', 'Sidequest EP', '', '2019-03-27')
(230479012, '002y6YUP1aNCU1'," ""Young Man's Lament"""," ""Young Man's Lament""", 'André Previn / David Rose / His Orchestra', '000lTQwy2hEgAn',0,208,0, '001l2gdX1gQOoY', 'Enjoy Great Jazz - Vol.3', '', '2019-03-27')
(205258211, '001ZxNaT11pLDq', 'Blue Planet', 'Blue Planet', 'Faith', '001ZxNaT11pLDq',1,582,0, '000ShxW13U5btZ', 'Heuristic', '', '2019-03-27')
(230617284, '003WYPbk3C4A0A', 'Il est où? (Explicit)', 'Il est où? (Explicit)'," ""L'Algerino""", '003WYPbk3C4A0A',1,179,0, '001itMOd3tyhpY', 'Il est où? (Explicit)', '', '2019-03-27')
(230479016, '003555T02pc31K', 'Goodbye', 'Goodbye', 'Bill Evans Trio', '003dpFo22ELZik',0,373,0, '001l2gdX1gQOoY', 'Enjoy Great Jazz - Vol.3', '', '2019-03-27')
(230666001, '001GryQu0a78ge', 'Road Smoke ((Explicit))', 'Road Smoke ((Explicit))', 'Loso / Six4', '001GryQu0a78ge',0,165,0, '003HdBIT476vwI', 'Road Smoke', '', '2019-03-27')
(230551486, '001eKxmg0BIjME', 'Second Hand Man', 'Second Hand Man', 'Robert Randolph & The Family Band', '001eKxmg0BIjME',1,183,0, '003dATpk23HQNO', 'Second Hand Man', '', '2019-03-27')
(229751022, '004bTqPt3LZcm4', 'In My Mind', 'In My Mind', 'Dynoro / 尚雯婕', '004bTqPt3LZcm4',1,180,0, '004bsHCz0HxdAG', 'In My Mind', '', '2019-03-15')
(230420359, '0013H3y43PhbDq', 'Hold Of Me', 'Hold Of Me', 'Dean Lewis', '0013H3y43PhbDq',1,202,0, '0002lnWm2nwkAn', 'A Place We Knew (Explicit)', '', '2019-03-22')
(230182158, '003D3grP2OiUvr', 'Feeling Good', 'Feeling Good', 'Michael Bublé', '003D3grP2OiUvr',1,235,0, '001PeFua3aL58s', 'bublé! (Original Soundtrack from his NBC TV Special)', '', '2019-03-21')
(230419727, '004XUG9o3pjA36', 'What I Like About You', 'What I Like About You', 'Jonas Blue / Theresa Rex', '004XUG9o3pjA36',1,220,0, '003iqagv3285bE', 'What I Like About You', '', '2019-03-22')
(228806803, '004RdzHT0xazw9', 'A Million Voices (Live)', 'A Million Voices (Live)', 'Polina Gagarina', '004RdzHT0xazw9',1,209,0, '002W5kGN18ymkA', '歌手第三季 第6期', '', '2019-02-15')
(230393512, '000VgjAm3KXHxc', 'Friends Go', 'Friends Go', 'Maggie Lindemann', '000VgjAm3KXHxc',1,143,0, '002f5WCH04Q2Lr', 'Friends Go', '', '2019-03-22')
(229428032, '0004vgOA4L9lBE'," ""This Ain't Techno"""," ""This Ain't Techno""", 'David Guetta / Tom Staar', '000Sxbpx1FNDCW',1,219,0, '000MU1zm3qOgFg'," ""This Ain't Techno""", '', '2019-03-08')
(229741579, '000O8vMl0C2Irk', 'Solo(feat. Demi Lovato)', 'Solo(feat. Demi Lovato)', 'Clean Bandit / Demi Lovato', '000O8vMl0C2Irk',1,222,0, '003FvaVu1U4Yh6', 'Running Workout', '', '2019-03-08')
(230464340, '002xvw1r2HkzxF', 'Boom Clap', 'Boom Clap', 'Charli XCX', '002xvw1r2HkzxF',1,169,0, '001qO3ZG13ONg0', 'Easter Party', '', '2019-03-22')
(230464351, '002oc1bh2L5RSa', 'Hymn for the Weekend (Seeb Remix)', 'Hymn for the Weekend (Seeb Remix)', 'Coldplay', '002oc1bh2L5RSa',1,212,0, '001qO3ZG13ONg0', 'Easter Party', '', '2019-03-22')
(230464343, '003WKcEH3T7Q6U', 'FRIENDS', 'FRIENDS', 'Marshmello / Anne-Marie', '003WKcEH3T7Q6U',1,205,0, '001qO3ZG13ONg0', 'Easter Party', '', '2019-03-22')
(230625062, '002zQIbX3PXrd7', '最深部', '最深部', 'back number', '002zQIbX3PXrd7',1,196,0, '002V0sGo2lbOJp', 'MAGIC', '', '2019-03-27')
(230543589, '003n827634gIx6', '紅のドレス (红色礼服)', '紅のドレス (红色礼服)', 'Flower', '003n827634gIx6',1,274,0, '003UkRyY42WfJb', 'F', '', '2019-03-27')
(230544088, '001jpImQ0hyiqy', '僕ラノ承認戦争 (我们的承认战争)', '僕ラノ承認戦争 (我们的承认战争)', 'CIVILIAN / majiko', '001jpImQ0hyiqy',1,259,0, '003d9jl442SDys', '邂逅ノ午前零時', '', '2019-03-13')
(230625740, '002oqYjL1MY2Br', 'キミの花 (君之花)', 'キミの花 (君之花)', '奥華子', '002oqYjL1MY2Br',0,264,0, '004VQRo80Ot2cc', 'キミの花/最後のキス --《清恋》TV动画片头曲', '《清恋》TV动画片头曲', '2019-03-28')
(230543925, '001Bepwf0O1FDP', 'キュン (心动了)', 'キュン (心动了)', '日向坂46', '001Bepwf0O1FDP',1,300,0, '002p7WdW3M9NMu', 'キュン(Special Edition)', '', '2019-03-27')
(230683509, '004Evhr53rKa8F', '青春', '青春', 'スキマスイッチ', '004Evhr53rKa8F',1,327,0, '0049BVWq0GCEqL', '青春', '', '2019-03-28')
(230493923, '0011L3V403bkE3', 'MATATABISTEP (2018.10.6 Live at 日比谷野外大音楽堂)', 'MATATABISTEP (2018.10.6 Live at 日比谷野外大音楽堂)', 'パスピエ', '0011L3V403bkE3',1,282,0, '002jUovb3ClRVJ', '野音ワンマンライブ “印象H” 2018.10.6 at 日比谷野外大音楽堂', '', '2019-03-27')
(218611582, '0021dkvG2C1FvJ', 'Flamingo', 'Flamingo', '米津玄師', '004BROKV3eMOyN',1,195,0, '002JT8sn2ig2EQ', 'Flamingo / TEENAGE RIOT', '', '2019-03-15')
(230543324, '0018LPqp22xE0v', 'WATER', 'WATER', 'Suchmos', '0018LPqp22xE0v',1,409,0, '002Swm7g3ThOrE', 'THE ANYMAL', '', '2019-03-27')
(230609253, '000rKJRA1tXMxK', 'While I Dream', 'While I Dream', 'tea', '000rKJRA1tXMxK',0,344,0, '002KaQai0NFnnC', 'INTERSTELLAR', '', '2019-03-28')
(201031579, '001qKM971SM9DP', 'D.L.N', 'D.L.N', 'the GazettE', '003gF6CT2gjRjO',1,375,0, '003CJMtg0gWGct', 'TRACES VOL.2', '', '2017-03-08')
(229087870, '004X5LCQ3Ga1s1', 'Let It Go (Original Mix)', 'Let It Go (Original Mix)', 'Joey Smith', '004X5LCQ3Ga1s1',0,307,0, '004gGt0J4fjd3a', 'Let It Go', '', '2019-03-28')
(229909181, '0028s0t611sdK9', 'Indian Man', 'Indian Man', 'Cocco', '0028s0t611sdK9',0,283,0, '002o0cA72xKmqb', 'Indian Man', '', '2019-03-28')
(230504287, '003pxK2R2fcGYV', '坂の途中で (在坡道的途中)', '坂の途中で (在坡道的途中)', '岡田奈々', '003pxK2R2fcGYV',0,294,0, '002QqiQE29YJZw', '坂の途中で', '', '2019-03-26')
(228283602, '004WbBCd2s9ynl', 'カワキヲアメク', 'カワキヲアメク', '美波', '002nV7qZ36Mclz',0,251,0, '00386Sll4AfJXk', 'カワキヲアメク（通常盤） --《家有女友》TV动画片头曲', '《家有女友》TV动画片头曲', '2019-01-30')
(227823168, '0004o3XJ2RBR0j', '五等分の気持ち (五等分的心意)', '五等分の気持ち (五等分的心意)', '花澤香菜 / 竹達彩奈 / 伊藤美来 / 佐倉綾音 / 水瀬いのり', '0004o3XJ2RBR0j',0,222,0, '004OVO7D1YjiRq', '五等分の気持ち --《五等分的新娘》TV动画片头曲', '《五等分的新娘》TV动画片头曲', '2019-03-08')
(230214341, '002b8g102Q7vaO', '失楽園 (Lost Paradise)', '失楽園 (Lost Paradise)', 'Reol', '002b8g102Q7vaO',0,254,0, '004eJLOi1je7HU', '文明EP', '', '2019-03-20')
(230543974, '003cNSkI2888mD', 'Departure (口白)', 'Departure (口白)', 'DEEN', '003cNSkI2888mD',1,31,0, '002tD5SM0LGR7a', 'NEWJOURNEY', '', '2019-03-13')
(229267307, '003I9Mjl2KnKyF', 'メモセピア (Memo Sepia)', 'メモセピア (Memo Sepia)', 'sajou no hana', '003I9Mjl2KnKyF',0,235,0, '00358Tms359yam', 'メモセピア --《路人超能100 II》TV动画片尾曲', '《路人超能100 II》TV动画片尾曲', '2019-03-06')
(229576899, '00167zJZ4fqRc0', 'ジワるDAYS (回忆上心头 DAYS)', 'ジワるDAYS (回忆上心头 DAYS)', 'AKB48', '00167zJZ4fqRc0',0,293,0, '001mbwfL1DdNZY', 'ジワるDAYS(Type A)', '', '2019-03-12')
(228751108, '001fYouR37wnyt', 'Stand Out Fit In', 'Stand Out Fit In', 'ONE OK ROCK', '001fYouR37wnyt',1,214,0, '003UZWr51Ho8qM', 'Eye Of The Storm', '', '2019-02-15')
(230391357, '001IeLfu4Lp4WN', 'Legacy (DMC5 Main Theme)', 'Legacy (DMC5 Main Theme)', 'Kota Suzuki', '001IeLfu4Lp4WN',0,186,0, '004aEWZT4GOQCh', 'Devil May Cry 5 Original Soundtrack', '', '2019-03-20')
(229111446, '002DR2pO29HfIA', 'PASSION', 'PASSION', 'GARNiDELiA', '001QAyb14UfKL7',1,222,0, '003QUz5e3bkXWL', 'REBEL FLAG --《巫女笔记》游戏主题曲', '《巫女笔记》游戏主题曲', '2019-03-13')
(230398343, '002kGzwL346JSs', 'kit palette', 'kit palette', '大塚愛', '002kGzwL346JSs',0,234,0, '004Po5Kd2ljWtK', 'kit palette', '', '2019-03-22')
(230238402, '003avjV22iiDsF', '大切な色彩 (珍贵的色彩)', '大切な色彩 (珍贵的色彩)', 'chay', '003avjV22iiDsF',1,270,0, '000W98i12oFJQD', '大切な色彩', '', '2019-03-22')
(228705952, '003IsQk433qV2k', '恋をしたから (因为恋爱了)', '恋をしたから (因为恋爱了)', 'あいみょん', '003IsQk433qV2k',1,269,0, '001ytFl90DepdZ', '瞬間的シックスセンス', '', '2019-02-13')
(229111169, '001YsR0q2AVWB4', '絶体絶命', '絶体絶命', 'Cö shu Nie', '001jzvie4aEcPC',1,149,0, '002zIwNn3haVb6', '絶体絶命 / Lamp --《约定的梦幻岛》TV动画片尾曲', '《约定的梦幻岛》TV动画片尾曲', '2019-03-13')
(230604334, '004gTSoU2ja0fe', '儚いキスで終わらせて', '儚いキスで終わらせて', '日笠陽子', '004gTSoU2ja0fe',0,258,0, '003bXFdh1tI8iy', 'TVアニメ「ドメスティックな彼女」サウンドコレクション --《家有女友》TV动画第7集插曲', '《家有女友》TV动画第7集插曲', '2019-03-27')
(229103739, '002cpSlV3XkkHT', '夜桜', '夜桜', 'End of the World', '002cpSlV3XkkHT',1,230,0, '003OVAUc1tff3a', 'Eye', '', '2019-02-27')
(229110609, '002BB0XS2QZR2B', '強がりLOSER (逞强LOSER) (Anime Size)', '強がりLOSER (逞强LOSER) (Anime Size)', 'ЯeaL', '002BB0XS2QZR2B',1,90,0, '003abB2g1o2cfc', '強がりLOSER --《BORUTO -火影新世代-》TV动画片尾曲', '《BORUTO -火影新世代-》TV动画片尾曲', '2019-02-27')
(230565690, '001Wc4nm1K8VEO', '騎士竜戦隊リュウソウジャー', '騎士竜戦隊リュウソウジャー', '幡野智宏', '001Wc4nm1K8VEO',0,216,0, '000NIS0a35WgpK', '騎士竜戦隊リュウソウジャー 主題歌', '', '2019-03-20')
(227862549, '0017KL800k0rxF', 'あややこやや (告状歌)', 'あややこやや (告状歌)', '女王蜂', '0037y25x0q32OD',1,250,0, '001AvIeN497bKx', '火炎', '', '2019-01-30')
(230620284, '002ogAFt3sey7Z', 'Falling Through Starlight', 'Falling Through Starlight', '瀬戸麻沙美', '002ogAFt3sey7Z',0,157,0, '000ezMk63mnrl1', 'TVアニメ「盾の勇者の成り上がり」オリジナル・サウンドトラック “Dusk” --《盾之勇者成名录》TV动画第4集片尾曲', '《盾之勇者成名录》TV动画第4集片尾曲', '2019-03-27')
(229605098, '001vYw4T2yu9al', 'Letter', 'Letter', 'SILENT SIREN', '001vYw4T2yu9al',1,251,0, '003hvm9m2ACIYo', '31313', '', '2019-03-12')
(229256516, '0004Yfq82z7USe', 'W', 'W', '浜崎あゆみ', '0004Yfq82z7USe',0,207,0, '0014hWuz0BVBZh', 'ayumi hamasaki LIVE TOUR -TROUBLE- 2018-2019 A SET LIST', '', '2019-03-01')
(229427151, '003DS3Wk40YBHj', 'Lovely music ~三週間前までは白かった~ (Lovely music~三周前还是空白~)', 'Lovely music ~三週間前までは白かった~ (Lovely music~三周前还是空白~)', '伊藤美来', '003DS3Wk40YBHj',0,242,0, '001aapHg3aGScv', '「五等分の花嫁」キャラクターソング ミニアルバム', '', '2019-03-06')
(228491430, '0015cYcr4YYpx4', 'さよならごっこ (告别游戏)', 'さよならごっこ (告别游戏)', 'amazarashi', '0015cYcr4YYpx4',0,270,0, '004QR0YM0FNGda', 'さよならごっこ(初回生産限定盤) --《多罗罗》TV动画片尾曲', '《多罗罗》TV动画片尾曲', '2019-02-13')
(229134208, '001yVRiP3vSoPF'," '私に""好き""が舞い降りた (喜欢降临到我身边)'"," '私に""好き""が舞い降りた (喜欢降临到我身边)'", '上田麗奈 / Lynn', '001yVRiP3vSoPF',0,256,0, '002amS2J2HDnXw', '天使のうたごえ', '', '2019-02-27')
(228705892, '000oFiiU1IKv09', '幸せになって (祝你幸福)', '幸せになって (祝你幸福)', 'まるりとりゅうが', '000oFiiU1IKv09',1,324,0, '001yBtYX1q0Y2U', '幸せになって', '', '2019-02-11')
(229576881, '0034xxQW18KmFz', '私だってアイドル! (我也是偶像!)', '私だってアイドル! (我也是偶像!)', '指原莉乃', '0034xxQW18KmFz',0,247,0, '003wofBt1I5dgE', 'ジワるDAYS(Type C)', '', '2019-03-12')
(230387579, '003HglyQ2s1OMm', 'Vast world (GAME VERSION)', 'Vast world (GAME VERSION)', '大空直美 / 桜咲千依 / 鈴木絵理 / 五十嵐裕美 / 松嵜麗', '003HglyQ2s1OMm',0,131,0, '002b7I0F1q2Fl6', 'THE IDOLM@STER CINDERELLA GIRLS STARLIGHT MASTER 27 Vast world', '', '2019-03-20')
(229857245, '001naBXX00urW9', 'ロマンチシズム (浪漫主义)', 'ロマンチシズム (浪漫主义)', 'Mrs. GREEN APPLE', '001naBXX00urW9',1,213,0, '0036cD4H3FCtaL', 'ロマンチシズム --资生堂SEA BREEZE广告曲', '资生堂SEA BREEZE广告曲', '2019-03-15')
(230258942, '001badQS3r075E', '閃光', '閃光', '己龍', '001badQS3r075E',0,222,0, '000thIl00mSjcF', '閃光【C:通常盤】', '', '2019-03-20')
(227999465, '0016nONB24sXyf', 'SLEEPWALK', 'SLEEPWALK', 'ヒトリエ', '0016nONB24sXyf',1,244,0, '0017TwTl0aMRgi', 'HOWLS', '', '2019-02-27')
(229661881, '003EPXZ22cOzOe', 'Viva!! Lucky４☆', 'Viva!! Lucky４☆', 'ふわふわ', '003EPXZ22cOzOe',0,168,0, '003QK54Y2R0YzM', 'Viva!! Lucky4☆', '', '2019-03-13')
(228211342, '001H5rYu18DYJy', '彩恋〜SAI_REN〜', '彩恋〜SAI_REN〜', '中島美嘉', '002b5zfT44DYN0',1,222,0, '001XYVh11mcf1l', '雪の華15周年記念ベスト盤 BIBLE', '', '2019-01-30')
(229659213, '002eoX7i1wFIPj', 'ハピハピ♪バースデイソング (Happy Happy♪Birthday Song) (モカ Ver.)', 'ハピハピ♪バースデイソング (Happy Happy♪Birthday Song) (モカ Ver.)', '茅野愛衣', '002eoX7i1wFIPj',0,297,0, '002VIzDs0Ps8Z5', 'ご注文はうさぎですか??バースデイソングシリーズ02', '', '2019-03-13')
(230606463, '002RdJcy2yA16J', 'コスモルミナ (TVサイズ)', 'コスモルミナ (TVサイズ)', '芹澤優', '002RdJcy2yA16J',0,67,0, '002ioD960fc1oz', '上野さんは不器用 オリジナル・サウンドトラック --《笨拙之极的上野》TV动画片尾曲', '《笨拙之极的上野》TV动画片尾曲', '2019-03-27')
(229117421, '002e9bAW4FpZEX', 'コラージュ (拼贴画)', 'コラージュ (拼贴画)', '三月のパンタシア', '000uMAJf47GHFd',1,268,0, '000TGwee0X9fwU', 'ガールズブルー・ハッピーサッド --《卫宫家今天的饭》TV动画片尾曲', '《卫宫家今天的饭》TV动画片尾曲', '2019-03-13')
(230235301, '000W0qKM3sVMGi', 'INDETERMINATE UNIVERSE', 'INDETERMINATE UNIVERSE', 'ゆうゆ / ケムリクサ', '000W0qKM3sVMGi',0,228,0, '002a1eA10JWlIY', 'INDETERMINATE UNIVERSE --《烟草》TV动画片尾曲', '《烟草》TV动画片尾曲', '2019-03-20')
(229856696, '0009HAY91gEXH1', '幻想の輪舞', '幻想の輪舞', '黒崎真音', '0009HAY91gEXH1',0,229,0, '000MEG5C0cKmHF', '幻想の輪舞 --《灰色：幻影扳机》剧场版片头曲', '《灰色：幻影扳机》剧场版片头曲', '2019-03-13')
(229005335, '003SiOvI0ndWfB', 'KILLER B', 'KILLER B', '梅とら', '003SiOvI0ndWfB',0,205,0, '001hhrJS0CPCI6', '「#コンパス 戦闘摂理解析システム」 オリジナルサウンドトラック Vol.2', '', '2019-02-20')
(230434049, '0017dMg14Svm7G', 'はじまりの場所 (TVサイズ)', 'はじまりの場所 (TVサイズ)', '村川梨衣', '0017dMg14Svm7G',0,90,0, '000H2HBE11TpnL', 'TVアニメ「ピアノの森」音楽集 --《琴之森》TV动画片尾曲', '《琴之森》TV动画片尾曲', '2019-03-20')
(230187602, '004BVY0A2QOapw', 'TRICK', 'TRICK', 'Ci+LUS', '004BVY0A2QOapw',0,220,0, '0036E49X15KTkw', 'TRICK', '', '2019-03-20')
(228000473, '004AJX5d4HDEYR', 'ドリーミージャーニー (Dreamy journey)', 'ドリーミージャーニー (Dreamy journey)', 'the peggies', '004AJX5d4HDEYR',1,245,0, '004ZJhTi15MIVj', 'Hell Like Heaven --《BORUTO -火影新世代-》TV动画片尾曲', '《BORUTO -火影新世代-》TV动画片尾曲', '2019-02-06')
(230711255, '003SpQf11caDna'," ""I'm Home (그래) (角落)"""," ""I'm Home (그래) (角落)""", '민호', '003SpQf11caDna',1,204,0, '002xz3FP04RpnZ'," ""I'm Home (그래)""", '', '2019-03-28')
(230618829, '000GvkXd1WdqnU', '밤밤(Bomb Bomb)', '밤밤(Bomb Bomb)', 'KARD', '000GvkXd1WdqnU',1,163,0, '001tAm0i4dk9nq', 'KARD 디지털 싱글 1집 <밤밤(Bomb Bomb)>', '', '2019-03-27')
(230555114, '002Ie5VP2zfNMx', 'L.O.V.E', 'L.O.V.E', '박지훈', '002Ie5VP2zfNMx',1,215,0, '001961hi0CnVBU'," ""O'CLOCK""", '', '2019-03-26')
(230584223, '003dnrdW1TF5sY', 'Flash Back', 'Flash Back', '몬스타엑스', '003dnrdW1TF5sY',1,207,0, '001q2hC63rZx2T', 'Shoot Out', '', '2019-03-27')
(230425512, '002YtqdU2pxDHB'," ""전화끊지마 (Don't hang up)"""," ""전화끊지마 (Don't hang up)""", '수란 / pH-1', '002YtqdU2pxDHB',1,184,0, '001Mf9i61EG4wv'," ""Jumpin'""", '', '2019-03-22')
(230719172, '0029aSYF0dZCiY', 'HKR (Feat. Jbo Escobar)', 'HKR (Feat. Jbo Escobar)', '24 플라코 / JBo Escobar', '0029aSYF0dZCiY',1,180,0, '004LAVBR1LrKWW', 'HKR', '', '2019-03-28')
(230493835, '000O88Mt1HshHQ', 'Remember', 'Remember', 'FTISLAND', '000O88Mt1HshHQ',1,218,0, '002DpNN43pX1q9', 'EVERLASTING', '', '2019-03-27')
(230563083, '001XxtjP4PwArX', 'AWAKE', 'AWAKE', 'JBJ95', '001XxtjP4PwArX',1,195,0, '004Nbp1J1xXKdn', 'AWAKE', '', '2019-03-26')
(230398725, '001vd4nL0bILYb'," 'DDU-DU DDU-DU (BLACKPINK ARENA TOUR 2018 ""SPECIAL FINAL IN KYOCERA DOME OSAKA"")'"," 'DDU-DU DDU-DU (BLACKPINK ARENA TOUR 2018 ""SPECIAL FINAL IN KYOCERA DOME OSAKA"")'", 'BLACKPINK', '001vd4nL0bILYb',0,227,0, '002vlA3P2PoiaU'," 'BLACKPINK ARENA TOUR 2018 ""SPECIAL FINAL IN KYOCERA DOME OSAKA""'", '', '2019-03-22')
(230572762, '004C5dpN2woKHg', '멋 (Classy)', '멋 (Classy)', '윤종신', '004C5dpN2woKHg',1,283,0, '001J9PvY0yjf2S', '2019 월간 윤종신 3월호', '', '2019-03-26')
(230691016, '001b8CK20QtEJy', 'Never too late (录音室版)', 'Never too late (录音室版)', '준', '001b8CK20QtEJy',0,233,0, '001fq3hM1UuYkS', 'Phenomenal World', '', '2019-03-28')
(229725489, '00322M6t3GxSPt', '고고베베 (gogobebe)', '고고베베 (gogobebe)', 'MAMAMOO', '00322M6t3GxSPt',1,195,0, '000MUlvo0Yc3yk', 'White Wind', '', '2019-03-14')
(229658900, '002vyn590EfCCl', '내연인 (我的恋人)', '내연인 (我的恋人)', '박봄', '002vyn590EfCCl',1,205,0, '001boUHD0muCe6', 'Spring', '', '2019-03-13')
(230398730, '002mVHlO4dHTEg'," 'SOLO (BLACKPINK ARENA TOUR 2018 ""SPECIAL FINAL IN KYOCERA DOME OSAKA"")'"," 'SOLO (BLACKPINK ARENA TOUR 2018 ""SPECIAL FINAL IN KYOCERA DOME OSAKA"")'", '제니', '002mVHlO4dHTEg',0,170,0, '002vlA3P2PoiaU'," 'BLACKPINK ARENA TOUR 2018 ""SPECIAL FINAL IN KYOCERA DOME OSAKA""'", '', '2019-03-22')
(230552815, '004T6wNA411vYl', '그날처럼 (Like That Day)', '그날처럼 (Like That Day)', '한희준', '004T6wNA411vYl',1,227,0, '002Riagh3MvTAu', '빙의 OST PART4', '', '2019-03-28')
(230714208, '000vKFKs02A07U', '1st Sight', '1st Sight', '황우림', '000vKFKs02A07U',1,191,0, '003hSTcz2nBZIs', '온더캠퍼스 (네이버 웹드라마) OST - Part.2', '', '2019-03-28')
(230131141, '0010N8SP1AGLx9'," ""그건 아마 우리의 잘못은 아닐 거야 (Maybe It's Not Our Fault)"""," ""그건 아마 우리의 잘못은 아닐 거야 (Maybe It's Not Our Fault)""", '백예린', '0010N8SP1AGLx9',1,233,0, '00052GPb3CKYuv', 'Our love is great', '', '2019-03-18')
(229121142, '002l0WLJ4Kol8w', 'LOVE SCENARIO', 'LOVE SCENARIO', 'iKON', '002l0WLJ4Kol8w',0,211,0, '002lKK0u3RezaM', 'NEW KIDS', '', '2019-02-27')
(229707285, '001GZKcn0a4YGC', '스물에게 (Dear Diary) (致二十岁)', '스물에게 (Dear Diary) (致二十岁)', '김예림', '001GZKcn0a4YGC',1,218,0, '004BaesG4Dohu2', '스물에게 (Dear Diary)', '', '2019-03-14')
(228547414, '002cF0oO1orlYq', 'ご機嫌サヨナラ', 'ご機嫌サヨナラ', 'IZ*ONE', '002cF0oO1orlYq',0,263,0, '004dkU9H0WyVgt', '好きと言わせたい(通常盤)(Type A)', '', '2019-02-04')
(229524125, '004cSN3q3JvXCh', '오늘 밤에', '오늘 밤에', '홍진영', '004cSN3q3JvXCh',0,180,0, '0045N8vJ2pvGxs', 'Lots of Love', '', '2019-03-08')
(229728967, '000E8yIE3WT1cu', '생각난다', '생각난다', '휘성', '000E8yIE3WT1cu',1,233,0, '002wElAM40uXec', '생각난다', '', '2019-03-14')
(230434271, '000wUg1Q0otMzp', 'Miss U', 'Miss U', '진호 / 후이 / 키노', '000wUg1Q0otMzp',1,204,0, '003wcIIn1PBay5', '온더캠퍼스 (네이버 웹드라마) OST - Part.1', '', '2019-03-23')
(230398729, '003g1Vux0kAkNx'," '雪の華 (雪之花) (BLACKPINK ARENA TOUR 2018 ""SPECIAL FINAL IN KYOCERA DOME OSAKA"")'"," '雪の華 (雪之花) (BLACKPINK ARENA TOUR 2018 ""SPECIAL FINAL IN KYOCERA DOME OSAKA"")'", '지수', '003g1Vux0kAkNx',0,339,0, '002vlA3P2PoiaU'," 'BLACKPINK ARENA TOUR 2018 ""SPECIAL FINAL IN KYOCERA DOME OSAKA""'", '', '2019-03-22')
(230435097, '002haUdt03v3PF', 'Paranoid', 'Paranoid', 'ASH ISLAND', '0012A64Q45NqCU',1,183,0, '004e7H3e2EqZjC', 'ASH', '', '2019-03-22')
(229252229, '000KkZ6F1QftgV', '오.꼭.말', '오.꼭.말', '하성운', '000KkZ6F1QftgV',0,190,0, '001xQTZD4ZK9VW', 'My Moment', '', '2019-02-28')
(228977369, '002IcuZP2REwZ3', 'Sayonara', 'Sayonara', 'Red Velvet', '002IcuZP2REwZ3',0,196,0, '003hJRAs3PxQsO', 'Sayonara', '', '2019-02-20')
(229184171, '003kqIqU3G1eId', 'Super Asia (TPA Club Mix)', 'Super Asia (TPA Club Mix)', '티피에이 / BOBBY / 毛衍七Vava', '003kqIqU3G1eId',1,236,0, '001WBotn1xzrD8', 'Super Asia', '', '2019-03-01')
(228318383, '0019kBh83khAL4', '전야 (前夜) (The Eve) (Live)', '전야 (前夜) (The Eve) (Live)', 'EXO', '0019kBh83khAL4',0,135,0, '004DqynI4YJdGj', 'EXO PLANET #4 –The EℓyXiOn (dot)– Live Album', '', '2019-01-30')
(230131554, '004XcW2Q0A1ShQ', 'Enough (Japanese Version)', 'Enough (Japanese Version)', 'SF9', '004XcW2Q0A1ShQ',1,180,0, '00248IY54RWWZc', 'Illuminate', '', '2019-03-20')
(230186675, '001vcEsQ2OxYwz', 'Thrilla Killa', 'Thrilla Killa', 'VAV', '001vcEsQ2OxYwz',0,229,0, '003aM5ZD3cyWnq', 'THRILLA KILLA', '', '2019-03-19')
(229606207, '000FlUhT0Lv4Uw', 'On the Cheek', 'On the Cheek', '강민혁', '000FlUhT0Lv4Uw',1,193,0, '000MdsGY1Nwo4t', 'On the Cheek', '', '2019-03-13')
(230433486, '001UDPRN2gGzT4', '봄의 향기', '봄의 향기', '커피소년', '001UDPRN2gGzT4',1,260,0, '003v7MRM2BWRXM', '봄의 향기', '', '2019-03-22')
(228982263, '000nMJll0Ppz4Q', 'Born Again', 'Born Again', 'Tiffany Young', '000P3UKc128t57',1,193,0, '001Cvsa40IPLzG', 'Lips On Lips', '', '2019-02-22')
(230152185, '0003ngt84Z3NtU', 'On Me(Prod. Kang Yujeong) (Chinese Version)', 'On Me(Prod. Kang Yujeong) (Chinese Version)', '이뷰즈', '0003ngt84Z3NtU',1,160,0, '003dWJe54NFdAe', 'On Me (Prod. Kang Yujeong)(Chinese Version)', '', '2019-03-19')
(230434429, '001eRtpd4fxWTw', 'PING PONG (feat.李仙)', 'PING PONG (feat.李仙)', '영헤르츠(Younghertz)', '001eRtpd4fxWTw',0,208,0, '0033f6sa0i3zAY', 'PING PONG(feat.李仙)', '', '2019-03-27')
(229727868, '001TtmJa4efJyB', 'Slow', 'Slow', '김범수', '001TtmJa4efJyB',1,259,0, '0005OjHT2FUP7g', 'new.MAKE20 #5', '', '2019-03-14')
(229135311, '001ppDgl1X14bM', '스물 끝에', '스물 끝에', '강민경', '001ppDgl1X14bM',1,228,0, '000CQB1a3NPH6s', '강민경 1집', '', '2019-02-27')
(229267185, '003JVAki3d4WAs', 'The Shark In My Window', 'The Shark In My Window', 'SOMA / OLNL', '003JVAki3d4WAs',0,250,0, '000Y1uqU1SiMqR', 'SEIREN', '', '2019-03-14')
(230539205, '0035ujlt1SNUIb', '벚꽃 팝콘 (Lovely Days)', '벚꽃 팝콘 (Lovely Days)', 'MJ / 서영', '0035ujlt1SNUIb',0,198,0, '003PRGeF00ATQn', '벚꽃 팝콘', '', '2019-03-26')
(228896783, '004J4yZ13rsS8u', 'STRONG BABY (现场版)', 'STRONG BABY (现场版)', '승리', '004J4yZ13rsS8u',0,282,0, '003nZvho31lu7I', 'SEUNGRI 2018 1st SOLO TOUR [THE GREAT SEUNGRI] in JAPAN', '', '2019-02-20')
(230126109, '002OskSd1HUTWK', 'Happy End', 'Happy End', '사야 / 김기원', '002OskSd1HUTWK',1,227,0, '003YuMEV01ICDv', '로맨스는 별책부록 OST Part.8', '', '2019-03-16')
(229583005, '0030lUvM1GUp4V', 'Alcoholic', 'Alcoholic', '윤비 / 뱃사공', '0030lUvM1GUp4V',1,193,0, '003f8Z210FVhY0', 'Alcoholic', '', '2019-03-10')
(228807769, '002vQhBz4dZh6r', '코리안드림 (ASTRO) (Korean Dream)', '코리안드림 (ASTRO) (Korean Dream)', 'ASTRO', '002vQhBz4dZh6r',0,270,0, '002JKtvg1mOw78', '코리안드림', '', '2019-02-16')
(230584491, '000IAgOQ192D6E', 'Everytime', 'Everytime', '초신성', '000IAgOQ192D6E',1,258,0, '001vzswz0PDOE8', 'Everytime', '', '2019-03-27')
(230621659, '004G0Exw01hYyt', 'Dear', 'Dear', '미아 / Penomeco', '004G0Exw01hYyt',1,251,0, '002eWJmT0LCFHs'," ""Mia 1st Single 'Dear'""", '', '2019-03-27')
(230433053, '00044KWr2ZFb98', '소심해서 그래', '소심해서 그래', '원', '00044KWr2ZFb98',1,188,0, '004MQoX32fJ0I1', '소심해서 그래', '', '2019-03-22')
(230148844, '0012jNyG17R5A7', '요즘 너 달라', '요즘 너 달라', '샤플라', '0012jNyG17R5A7',1,245,0, '002qrkX71szMmj', '요즘 너 달라', '', '2019-03-18')
(230393409, '000qzre22hmsXT', 'Cake (Prod. WavyCake)', 'Cake (Prod. WavyCake)', '보이텔로', '000qzre22hmsXT',0,154,0, '0016Ejy61yFdwK', 'Cake', '', '2019-03-22')
(228758138, '0039ZJlF3yrcdd', 'Dear Friend', 'Dear Friend', '펜타곤', '0039ZJlF3yrcdd',0,224,0, '004HDVHB2GHs5l', 'COSMO', '', '2019-02-13')
(229605434, '001d7Nus3iNJzB', '과거의 오늘', '과거의 오늘', '공일오비 / 홍비', '001d7Nus3iNJzB',0,275,0, '000VLDOe3hrKCF', 'New Edition 09', '', '2019-03-12')
(229659170, '001DHzUV0NkTSE'," ""I Don't Know"""," ""I Don't Know""", '에피타이저', '001DHzUV0NkTSE',1,157,0, '003Dv19H075OZZ'," ""I Don't Know""", '', '2019-03-06')
(230138777, '000BAkXX2nz2Go', 'To Me', 'To Me', '데이먼', '000BAkXX2nz2Go',1,239,0, '004ZKfIU2IXKvU', '아이템 OST Part.5', '', '2019-03-18')
(228714739, '002iGNlR0TwHd6', '틀린질문 (错误提问)', '틀린질문 (错误提问)', '검정치마', '002grvqU3KI4ox',0,195,0, '000daz7M4gKlHx', 'THIRSTY', '', '2019-02-12')
(229416801, '0003F1dW2Lc5sm', '가리워진 길 (A veiled road)', '가리워진 길 (A veiled road)', 'The One', '0003F1dW2Lc5sm',0,257,0, '0049pQUU2lxoO7', 'ONE MIND 3', '', '2019-03-06')
(230569150, '003BAzIv02Kz6F', '지샌달 (Morning Moon)', '지샌달 (Morning Moon)', '고나영', '003BAzIv02Kz6F',0,164,0, '002uxHhk2mrniu', '지샌달', '', '2019-03-26')
(230595860, '000VycCi19D1D8', '사뿐사뿐 (Spring Step)', '사뿐사뿐 (Spring Step)', '이지형', '000VycCi19D1D8',0,216,0, '000jSIKD3gXJMs', '사뿐사뿐', '', '2019-03-27')
(230135628, '000Xu3o63ZkswB', '나는 볼 수 없던 이야기 (Take My Hand)', '나는 볼 수 없던 이야기 (Take My Hand)', '잔나비', '000Xu3o63ZkswB',1,224,0, '003lAUx13Aati3', '로맨스는 별책부록 OST', '', '2019-03-17')
(230196487, '003oR7x12s6Hoo', '천사같니', '천사같니', '와러서커스', '003oR7x12s6Hoo',1,245,0, '004dTJdb4PyCTh', '천사같니', '', '2019-03-19')
